{
  "total": 1291.4083557128906,
  "used": 72.20683288574219
}